1,Alvin Chen,alvinchen1988@icloud.com
2,Tina JI,tina@qq.com
3,Alvin Chen,alvinchen1988@icloud.com
4,Tina JI,tina@qq.com
5,Alvin Chen,alvinchen1988@icloud.com
6,Tina JI,tina@qq.com
7,Alvin Chen,alvinchen1988@icloud.com
8,Tina JI,tina@qq.com
9,Alvin Chen,alvinchen1988@icloud.com
10,Tina JI,tina@qq.com
11,Alvin Chen,alvinchen1988@icloud.com
12,Tina JI,tina@qq.com
13,Alvin Chen,alvinchen1988@icloud.com
14,Tina JI,tina@qq.com
15,Alvin Chen,alvinchen1988@icloud.com
16,Tina JI,tina@qq.com17
17,test,test@tets.com
18,asdasd,asda@icloud.com
19,huhu@huhu.com,huhuhu@.com
20,sadfdsa,sdafsda@sdfa.com
21,asdsa,yyo@.com
22,cool,cool@cooldo.com
